<?xml version="1.0" encoding="utf-8"?>
<!--  Manifest generated by EAInstaller-4.02.00.00  -->
<DiPManifest version="4.0">
  <buildMetaData>
    <gameVersion version="2.0.15.1010" />
    <featureFlags
      enableDifferentialUpdate="1"
      dynamicContentSupportEnabled="0" 
    />
  </buildMetaData>
  <gameTitles>
    <gameTitle locale="en_US">The Sims 4™ Holiday Celebration Pack</gameTitle>
    <gameTitle locale="cs_CZ">The Sims 4™ Balíček Vánoční svátky</gameTitle>
    <gameTitle locale="da_DK">The Sims 4™ Julefest-pakke</gameTitle>
    <gameTitle locale="de_DE">The Sims 4™ Fröhliche Feiertage-Pack</gameTitle>
    <gameTitle locale="es_ES">The Sims 4™ Pack Felices Fiestas</gameTitle>
    <gameTitle locale="fi_FI">The Sims 4™ Juhlatunnelmaa-paketti</gameTitle>
    <gameTitle locale="fr_FR">The Sims 4™ Pack Fêtes de fin d’année</gameTitle>
    <gameTitle locale="it_IT">The Sims 4™ Pacchetto Celebrazione delle Festività</gameTitle>
    <gameTitle locale="ja_JP">The Sims 4™ ホリデーシーズンパック</gameTitle>
    <gameTitle locale="ko_KR">The Sims 4™ 즐거운 연휴 팩</gameTitle>
    <gameTitle locale="nl_NL">The Sims 4™ Feestdagenpakket</gameTitle>
    <gameTitle locale="no_NO">The Sims 4™ Julefeiring</gameTitle>
    <gameTitle locale="pl_PL">The Sims 4™ Zestaw Świąteczny</gameTitle>
    <gameTitle locale="pt_BR">The Sims 4™ Pacote de Festas de Fim de Ano</gameTitle>
    <gameTitle locale="ru_RU">The Sims 4™ Набор \&quot;Праздничный\&quot;</gameTitle>
    <gameTitle locale="sv_SE">The Sims 4™ Julhelgspaket</gameTitle>
    <gameTitle locale="zh_TW">The Sims 4™ 假日慶祝包</gameTitle>
  </gameTitles>
  <installMetaData>
    <patching>
    </patching>
    <locales>en_US,cs_CZ,da_DK,de_DE,es_ES,fi_FI,fr_FR,it_IT,ja_JP,ko_KR,nl_NL,no_NO,pl_PL,pt_BR,ru_RU,sv_SE,zh_TW</locales>
    <localeFilters>
      <includes locale="en_US">        
        <include>/FP01/ClientFullBuild0.package</include>
      </includes>
      <includes locale="cs_CZ">        
        <include>/FP01/ClientFullBuild0.package</include>
      </includes>
      <includes locale="da_DK">        
        <include>/FP01/ClientFullBuild0.package</include>
      </includes>
      <includes locale="de_DE">        
        <include>/FP01/ClientFullBuild0.package</include>
      </includes>
      <includes locale="es_ES">        
        <include>/FP01/ClientFullBuild0.package</include>
      </includes>
      <includes locale="fi_FI">        
        <include>/FP01/ClientFullBuild0.package</include>
      </includes>
      <includes locale="fr_FR">        
        <include>/FP01/ClientFullBuild0.package</include>
      </includes>
      <includes locale="it_IT">        
        <include>/FP01/ClientFullBuild0.package</include>
      </includes>
      <includes locale="ja_JP">        
        <include>/FP01/ClientFullBuild0.package</include>
      </includes>
      <includes locale="ko_KR">        
        <include>/FP01/ClientFullBuild0.package</include>
      </includes>
      <includes locale="nl_NL">        
        <include>/FP01/ClientFullBuild0.package</include>
      </includes>
      <includes locale="no_NO">        
        <include>/FP01/ClientFullBuild0.package</include>
      </includes>
      <includes locale="pl_PL">        
        <include>/FP01/ClientFullBuild0.package</include>
      </includes>
      <includes locale="pt_BR">        
        <include>/FP01/ClientFullBuild0.package</include>
      </includes>
      <includes locale="ru_RU">        
        <include>/FP01/ClientFullBuild0.package</include>
      </includes>
      <includes locale="sv_SE">        
        <include>/FP01/ClientFullBuild0.package</include>
      </includes>
      <includes locale="zh_TW">        
        <include>/FP01/ClientFullBuild0.package</include>
      </includes>
    </localeFilters>
    <eulas locale="en_US">
    </eulas>
    <eulas locale="cs_CZ">
    </eulas>
    <eulas locale="da_DK">
    </eulas>
    <eulas locale="de_DE">
    </eulas>
    <eulas locale="es_ES">
    </eulas>
    <eulas locale="fi_FI">
    </eulas>
    <eulas locale="fr_FR">
    </eulas>
    <eulas locale="it_IT">
    </eulas>
    <eulas locale="ja_JP">
    </eulas>
    <eulas locale="ko_KR">
    </eulas>
    <eulas locale="nl_NL">
    </eulas>
    <eulas locale="no_NO">
    </eulas>
    <eulas locale="pl_PL">
    </eulas>
    <eulas locale="pt_BR">
    </eulas>
    <eulas locale="ru_RU">
    </eulas>
    <eulas locale="sv_SE">
    </eulas>
    <eulas locale="zh_TW">
    </eulas>
  </installMetaData>
  <touchup>
    <filePath>/__Installer/DLC/FP01/__Installer/Touchup.exe</filePath>
    <parameters>pdlcinstall -locale {locale} -pdlcInstallPath "{installLocation}" -autologging</parameters>
  </touchup>
  <installManifest>
    <filePath>/Support/mnfst.txt</filePath>
  </installManifest>
</DiPManifest>
