<?xml version="1.0" encoding="utf-8"?>
<!--  Manifest generated by EAInstaller-4.03.00.00  -->
<DiPManifest version="4.0">
  <ContentIDs>  </ContentIDs>
  <buildMetaData>
    <gameVersion version="6.0.127.1020" />
    <featureFlags
      enableDifferentialUpdate="1"
      dynamicContentSupportEnabled="0" 
    />
  </buildMetaData>
  <gameTitles>
    <gameTitle locale="en_US">The Sims™ 4 Perfect Patio Stuff</gameTitle>
    <gameTitle locale="cs_CZ">Kolekce The Sims™ 4 Perfektní patio</gameTitle>
    <gameTitle locale="da_DK">The Sims™ 4 Tjekket terrasse Stuff</gameTitle>
    <gameTitle locale="de_DE">Die Sims™ 4 Sonnenterrassen-Accessoires</gameTitle>
    <gameTitle locale="es_ES">Los Sims™ 4 Patio de Ensueño Pack de Accesorios</gameTitle>
    <gameTitle locale="fi_FI">The Sims™ 4 Täydellinen terassi Stuff</gameTitle>
    <gameTitle locale="fr_FR">Les Sims™ 4 Kit d&apos;Objets Ambiance Patio</gameTitle>
    <gameTitle locale="it_IT">The Sims™ 4 Esterni da Sogno Stuff</gameTitle>
    <gameTitle locale="ja_JP">The Sims™ 4 Perfect Patio Stuff</gameTitle>
    <gameTitle locale="ko_KR">The Sims™ 4 완벽한 테라스 아이템팩</gameTitle>
    <gameTitle locale="nl_NL">De Sims™ 4 Perfecte Patio Accessoirespakket</gameTitle>
    <gameTitle locale="no_NO">The Sims™ 4 Vidunderlig veranda Stuff</gameTitle>
    <gameTitle locale="pl_PL">The Sims™ 4 Perfekcyjne Patio Akcesoria</gameTitle>
    <gameTitle locale="pt_BR">The Sims™ 4 Coleção de Objetos Terraço Perfeito</gameTitle>
    <gameTitle locale="ru_RU">The Sims™ 4 Внутренний дворик – Каталог</gameTitle>
    <gameTitle locale="sv_SE">The Sims™ 4 Utomordentlig Uteplats Stuff</gameTitle>
    <gameTitle locale="zh_TW">The Sims™ 4 完美露台組合</gameTitle>
  </gameTitles>
  <installMetaData>
    <patching>
    </patching>
    <locales>en_US,cs_CZ,da_DK,de_DE,es_ES,fi_FI,fr_FR,it_IT,ja_JP,ko_KR,nl_NL,no_NO,pl_PL,pt_BR,ru_RU,sv_SE,zh_TW</locales>
    <localeFilters>
      <includes locale="en_US">        
        <include>/SP02/Strings_ENG_US.package</include>
      </includes>
      <includes locale="cs_CZ">        
        <include>/SP02/Strings_CZE_CZ.package</include>
      </includes>
      <includes locale="da_DK">        
        <include>/SP02/Strings_DAN_DK.package</include>
      </includes>
      <includes locale="de_DE">        
        <include>/SP02/Strings_GER_DE.package</include>
      </includes>
      <includes locale="es_ES">        
        <include>/SP02/Strings_SPA_ES.package</include>
      </includes>
      <includes locale="fi_FI">        
        <include>/SP02/Strings_FIN_FI.package</include>
      </includes>
      <includes locale="fr_FR">        
        <include>/SP02/Strings_FRE_FR.package</include>
      </includes>
      <includes locale="it_IT">        
        <include>/SP02/Strings_ITA_IT.package</include>
      </includes>
      <includes locale="ja_JP">        
        <include>/SP02/Strings_JPN_JP.package</include>
      </includes>
      <includes locale="ko_KR">        
        <include>/SP02/Strings_KOR_KR.package</include>
      </includes>
      <includes locale="nl_NL">        
        <include>/SP02/Strings_DUT_NL.package</include>
      </includes>
      <includes locale="no_NO">        
        <include>/SP02/Strings_NOR_NO.package</include>
      </includes>
      <includes locale="pl_PL">        
        <include>/SP02/Strings_POL_PL.package</include>
      </includes>
      <includes locale="pt_BR">        
        <include>/SP02/Strings_POR_BR.package</include>
      </includes>
      <includes locale="ru_RU">        
        <include>/SP02/Strings_RUS_RU.package</include>
      </includes>
      <includes locale="sv_SE">        
        <include>/SP02/Strings_SWE_SE.package</include>
      </includes>
      <includes locale="zh_TW">        
        <include>/SP02/Strings_CHT_CN.package</include>
      </includes>
    </localeFilters>
    <eulas locale="en_US">
    </eulas>
    <eulas locale="cs_CZ">
    </eulas>
    <eulas locale="da_DK">
    </eulas>
    <eulas locale="de_DE">
    </eulas>
    <eulas locale="es_ES">
    </eulas>
    <eulas locale="fi_FI">
    </eulas>
    <eulas locale="fr_FR">
    </eulas>
    <eulas locale="it_IT">
    </eulas>
    <eulas locale="ja_JP">
    </eulas>
    <eulas locale="ko_KR">
    </eulas>
    <eulas locale="nl_NL">
    </eulas>
    <eulas locale="no_NO">
    </eulas>
    <eulas locale="pl_PL">
    </eulas>
    <eulas locale="pt_BR">
    </eulas>
    <eulas locale="ru_RU">
    </eulas>
    <eulas locale="sv_SE">
    </eulas>
    <eulas locale="zh_TW">
    </eulas>
  </installMetaData>
  <touchup>
    <filePath>/__Installer/DLC/SP02/__Installer/Touchup.exe</filePath>
    <parameters>pdlcinstall -locale {locale} -pdlcInstallPath "{installLocation}" -autologging</parameters>
  </touchup>
  <installManifest>
    <filePath>/Support/mnfst.txt</filePath>
  </installManifest>
</DiPManifest>
